ID,URL,Location
235846,https://www.ergodotisi.com/en/JobDetails/235846/MysteryTag,Famagusta
234317,https://www.ergodotisi.com/en/JobDetails/234317/XM,"Famagusta, Paphos, Larnaca, Nicosia, Limassol"
238325,https://www.ergodotisi.com/en/JobDetails/238325/XM,"Famagusta, Paphos, Larnaca, Nicosia, Limassol"
234490,https://www.ergodotisi.com/en/JobDetails/234490/RISKMATRIX-LTD,Larnaca
235565,https://www.ergodotisi.com/en/JobDetails/235565/HF-Markets,Larnaca
238342,https://www.ergodotisi.com/en/JobDetails/238342/CareerFinders-Recruitment-Services-Ltd,Larnaca
235561,https://www.ergodotisi.com/en/JobDetails/235561/HF-Markets,Larnaca
236901,https://www.ergodotisi.com/en/JobDetails/236901/ACE-Networks,"Nicosia, Limassol"
235370,https://www.ergodotisi.com/en/JobDetails/235370/epic-ltd,Nicosia
237441,https://www.ergodotisi.com/en/JobDetails/237441/Akelius,Nicosia
235878,https://www.ergodotisi.com/en/JobDetails/235878/Hyperion-Group,Nicosia
236326,https://www.ergodotisi.com/en/JobDetails/236326/3CX-Ltd,Nicosia
236269,https://www.ergodotisi.com/en/JobDetails/236269/BDSWISS,"Nicosia, Limassol"
236764,https://www.ergodotisi.com/en/JobDetails/236764/Goldman-Solutions,Nicosia
237944,https://www.ergodotisi.com/en/JobDetails/237944/CareerFinders-Recruitment-Services-Ltd,"Nicosia, Limassol"
238256,https://www.ergodotisi.com/en/JobDetails/238256/Simple2C-IT-LTD,Nicosia
235088,https://www.ergodotisi.com/en/JobDetails/235088/Rimes-Technologies-Ltd,Nicosia
238355,https://www.ergodotisi.com/en/JobDetails/238355/CareerFinders-Recruitment-Services-Ltd,Limassol
236449,https://www.ergodotisi.com/en/JobDetails/236449/Scope-Markets-Services-CY-Ltd,Limassol
234908,https://www.ergodotisi.com/en/JobDetails/234908/CareerFinders-Recruitment-Services-Ltd,Limassol
236589,https://www.ergodotisi.com/en/JobDetails/236589/MSOS-Maritime-security-at-open-seas--LTD,Limassol
237283,https://www.ergodotisi.com/en/JobDetails/237283/CareerFinders-Recruitment-Services-Ltd,Limassol
234218,https://www.ergodotisi.com/en/JobDetails/234218/CareerFinders-Recruitment-Services-Ltd,Limassol
237751,https://www.ergodotisi.com/en/JobDetails/237751/Amdocs-Ltd,Limassol
235409,https://www.ergodotisi.com/en/JobDetails/235409/SkillOnNet,Limassol
236349,https://www.ergodotisi.com/en/JobDetails/236349/CYPRUS-SEA-LINES-CO.-LTD,Limassol
238056,https://www.ergodotisi.com/en/JobDetails/238056/Columbia-Shipmanagement-LTD,Limassol
238060,https://www.ergodotisi.com/en/JobDetails/238060/Gamingtec,Limassol
236768,https://www.ergodotisi.com/en/JobDetails/236768/Hyperio-Software-Limited,Limassol
238117,https://www.ergodotisi.com/en/JobDetails/238117/Scope-Markets-Services-CY-Ltd,Limassol
238407,https://www.ergodotisi.com/en/JobDetails/238407/Tototheo-Maritime-Ltd,Limassol
237935,https://www.ergodotisi.com/en/JobDetails/237935/Hyperio-Software-Limited,Limassol
236058,https://www.ergodotisi.com/en/JobDetails/236058/F.C-Fluence-LTD,Limassol
234564,https://www.ergodotisi.com/en/JobDetails/234564/IBSCY-LTD,Limassol
234897,https://www.ergodotisi.com/en/JobDetails/234897/Servers.com,Limassol
235557,https://www.ergodotisi.com/en/JobDetails/235557/Columbia-Shipmanagement-LTD,Limassol
