ID,URL,Location
238325,https://www.ergodotisi.com/en/JobDetails/238325/XM,"Paphos, Famagusta, Larnaca, Nicosia, Limassol"
235846,https://www.ergodotisi.com/en/JobDetails/235846/MysteryTag,Famagusta
238342,https://www.ergodotisi.com/en/JobDetails/238342/CareerFinders-Recruitment-Services-Ltd,Larnaca
235565,https://www.ergodotisi.com/en/JobDetails/235565/HF-Markets,Larnaca
235561,https://www.ergodotisi.com/en/JobDetails/235561/HF-Markets,Larnaca
238460,https://www.ergodotisi.com/en/JobDetails/238460/HF-Markets,Larnaca
238679,https://www.ergodotisi.com/en/JobDetails/238679/ACE-Networks,"Nicosia, Limassol"
239317,https://www.ergodotisi.com/en/JobDetails/239317/Rimes-Technologies-Ltd,Nicosia
238256,https://www.ergodotisi.com/en/JobDetails/238256/Simple2C-IT-LTD,Nicosia
237944,https://www.ergodotisi.com/en/JobDetails/237944/CareerFinders-Recruitment-Services-Ltd,"Nicosia, Limassol"
238516,https://www.ergodotisi.com/en/JobDetails/238516/D.G.-Techlink-LTD,Nicosia
235878,https://www.ergodotisi.com/en/JobDetails/235878/Hyperion-Group,Nicosia
237441,https://www.ergodotisi.com/en/JobDetails/237441/Akelius,Nicosia
239244,https://www.ergodotisi.com/en/JobDetails/239244/Akelius,Nicosia
236269,https://www.ergodotisi.com/en/JobDetails/236269/BDSWISS,"Nicosia, Limassol"
239296,https://www.ergodotisi.com/en/JobDetails/239296/Albourne-Partners-(Cyprus)-Ltd,Nicosia
238699,https://www.ergodotisi.com/en/JobDetails/238699/Logicom-Public-Ltd,Nicosia
236764,https://www.ergodotisi.com/en/JobDetails/236764/Goldman-Solutions,Nicosia
236326,https://www.ergodotisi.com/en/JobDetails/236326/3CX-Ltd,Nicosia
236058,https://www.ergodotisi.com/en/JobDetails/236058/F.C-Fluence-LTD,Limassol
238117,https://www.ergodotisi.com/en/JobDetails/238117/Scope-Markets-Services-CY-Ltd,Limassol
238060,https://www.ergodotisi.com/en/JobDetails/238060/Gamingtec,Limassol
238965,https://www.ergodotisi.com/en/JobDetails/238965/Island-Oil-(Holdings)-LTD,Limassol
235557,https://www.ergodotisi.com/en/JobDetails/235557/Columbia-Shipmanagement-LTD,Limassol
237935,https://www.ergodotisi.com/en/JobDetails/237935/Hyperio-Software-Limited,Limassol
239312,https://www.ergodotisi.com/en/JobDetails/239312/SkillOnNet,Limassol
237751,https://www.ergodotisi.com/en/JobDetails/237751/Amdocs-Ltd,Limassol
238976,https://www.ergodotisi.com/en/JobDetails/238976/CareerFinders-Recruitment-Services-Ltd,Limassol
236449,https://www.ergodotisi.com/en/JobDetails/236449/Scope-Markets-Services-CY-Ltd,Limassol
238056,https://www.ergodotisi.com/en/JobDetails/238056/Columbia-Shipmanagement-LTD,Limassol
236589,https://www.ergodotisi.com/en/JobDetails/236589/MSOS-Maritime-security-at-open-seas--LTD,Limassol
238355,https://www.ergodotisi.com/en/JobDetails/238355/CareerFinders-Recruitment-Services-Ltd,Limassol
238407,https://www.ergodotisi.com/en/JobDetails/238407/Tototheo-Maritime-Ltd,Limassol
236349,https://www.ergodotisi.com/en/JobDetails/236349/CYPRUS-SEA-LINES-CO.-LTD,Limassol
237283,https://www.ergodotisi.com/en/JobDetails/237283/CareerFinders-Recruitment-Services-Ltd,Limassol
236768,https://www.ergodotisi.com/en/JobDetails/236768/Hyperio-Software-Limited,Limassol
238525,https://www.ergodotisi.com/en/JobDetails/238525/Factory-39,Limassol
